Age,Rate
0,0.012456722
1,0.000503431
5,0.000355946
10,0.000281925
15,0.000407268
20,0.000589346
25,0.000816122
30,0.001004663
35,0.00126668
40,0.001768568
45,0.002644374
50,0.00446468
55,0.00752887
60,0.014229032
65,0.025952571
70,0.047556364
75,0.080605234
80,0.116890077
85,0.23384389
90,0.410311748
95,0.71994924
100,1.263251443